CATCACGC	01
GTCGTCGC	02
ACGACCGC	03
TGATGCGC	04
CATCAATC	05
GTCGTATC	06
ACGACATC	07
TGATGATC	08
CATCATCC	09
GTCGTTCC	10
ACGACTCC	11
TGATGTCC	12
CATCAGAA	13
GTCGTGAA	14
ACGACGAA	15
TGATGGAA	16
TCACACGC	17
CGTGTCGC	18
GACACCGC	19
ATGTGCGC	20
TCACATCA	21
CGTGTTCA	22
GACACTCA	23
ATGTGTCA	24
TCACAGAG	25
CGTGTGAG	26
GACACGAG	27
ATGTGGAG	28
CTAACCGC	29
GCTTGCGC	30
AGCCACGC	31
TAGGTCGC	32
CTAACTCA	33
GCTTGTCA	34
AGCCATCA	35
TAGGTTCA	36
CTAACGAG	37
GCTTGGAG	38
AGCCAGAG	39
TAGGTGAG	40
GAATCCGA	41
ATTCGCGA	42
TCCGACGA	43
CGGATCGA	44
GAATCATC	45
ATTCGATC	46
TCCGAATC	47
CGGATATC	48
GAATCTCG	49
ATTCGTCG	50
TCCGATCG	51
CGGATTCG	52
GAATCGAT	53
ATTCGGAT	54
TCCGAGAT	55
CGGATGAT	56
AGCGTCGA	57
TAGACCGA	58
CTATGCGA	59
GCTCACGA	60
AGCGTATC	61
TAGACATC	62
CTATGATC	63
GCTCAATC	64
AGCGTTCG	65
TAGACTCG	66
CTATGTCG	67
GCTCATCG	68
AGCGTGAT	69
TAGACGAT	70
CTATGGAT	71
GCTCAGAT	72
ACTGACGA	73
TGCATCGA	74
CAGTCCGA	75
GTACGCGA	76
ACTGAATC	77
TGCATATC	78
CAGTCATC	79
GTACGATC	80
ACTGATCG	81
TGCATTCG	82
CAGTCTCG	83
GTACGTCG	84
ACTGAGAT	85
TGCATGAT	86
CAGTCGAT	87
GTACGGAT	88
TGTACCGA	89
CACTGCGA	90
GTGCACGA	91
ACAGTCGA	92
TGTACATC	93
CACTGATC	94
GTGCAATC	95
ACAGTATC	96
